request_id,requester_received_pizza
t3_i8iy4,0.4139625578503554
t3_1mfqi0,0.3629825106147966
t3_lclka,0.2245475911839914
t3_1jdgdj,0.20309313232814696
t3_t2qt4,0.3662290402940329
t3_pvojb,0.40270940671090905
t3_142n4c,0.2743613246359605
t3_17rja6,0.3264319967220905
t3_1lg6u2,0.23237113103421253
t3_1b0mtx,0.3536616555618477
t3_mmivq,0.5208006546268253
t3_11ux2a,0.22898406357625176
t3_klige,0.44368370898513654
t3_1iv3cj,0.22183382261045295
t3_13dh0w,0.3796742438312313
t3_li326,0.27116869133137955
t3_xww8y,0.21567215237809903
t3_kogen,0.2901982961978421
t3_ik8w1,0.4425685664900444
t3_j3nnl,0.665979487919348
t3_j6xvd,0.27019464735711124
t3_1lsrj5,0.48305960950398263
t3_idld7,0.2922017776557207
t3_y6amf,0.3776389355492822
t3_hl0ft,0.6924812608289932
t3_jg6yk,0.31440726690300624
t3_1k5ss6,0.20246070263174445
t3_u6i4z,0.43702597752229033
t3_ltuhq,0.27192532795726293
t3_1m2om7,0.24654626611809316
t3_hgdtf,0.5869386337773069
t3_w89lu,0.364797350350585
t3_ifk6u,0.28064443998192745
t3_18c4e9,0.37824797247296016
t3_133rk6,0.2976215176383726
t3_icpa2,0.28751718376933144
t3_tllxh,0.7182050616535149
t3_ibvic,0.3492830149130606
t3_153cst,0.3586680676391245
t3_115vox,0.4434444989248537
t3_n318c,0.2867519232531087
t3_ojy6r,0.4183534747581069
t3_wziql,0.26874198626200974
t3_jiwx8,0.22627993345047095
t3_ibsyq,0.3174045312199136
t3_v07fz,0.4027987792102473
t3_us9ho,0.279464573149219
t3_1l120o,0.2357728566839744
t3_1avwr4,0.2824062813906682
t3_11pdxt,0.21540132327968914
t3_1eg6hz,0.24700075923802028
t3_nfom9,0.3885600969668851
t3_qaf9d,0.36559491528423704
t3_15dl3p,0.24909236375927485
t3_1ietp9,0.3936738005485496
t3_if8os,0.42008134682999054
t3_irugk,0.5029589837484244
t3_i5liz,0.23781290637901215
t3_1indge,0.3806805351377396
t3_1j6smi,0.4051234534530114
t3_1lxyig,0.2753837387623982
t3_hecc7,0.5800586005652647
t3_14tiyz,0.26311879045251146
t3_k1z07,0.40252059690687003
t3_10wwjr,0.1950508379466253
t3_lvs72,0.4423064296190984
t3_18u12f,0.29676911872890127
t3_yftil,0.2559865402731732
t3_i20wz,0.38489144598577163
t3_zs6gr,0.2514456773728353
t3_17rugq,0.24314755737992405
t3_10cmhw,0.25897641627659385
t3_1jgj8g,0.2543282675634223
t3_16q2jp,0.4524758989372656
t3_1hbpnz,0.2838224170842359
t3_1737ki,0.3392922855990293
t3_pfl37,0.2970987374562365
t3_qg1wv,0.8186693576772279
t3_wcupv,0.20067548289997517
t3_14gsx5,0.41645647344723713
t3_xzsu3,0.3532171338667801
t3_1lnsb4,0.3586201465296489
t3_iympu,0.29726782685179315
t3_k9o6g,0.5547244569067774
t3_1ktbje,0.2723476770219514
t3_zuow2,0.2529183951700112
t3_16tazw,0.2902419719057324
t3_pvl3a,0.3221357075428386
t3_11a45a,0.44806715013948617
t3_187gk8,0.30030685545005237
t3_jrtbz,0.32886787142632135
t3_lagsc,0.40453441418020597
t3_rt9rt,0.4341301918733952
t3_15qz4q,0.47338220965011846
t3_hz1m5,0.43269103224152883
t3_119agf,0.24895862305090666
t3_k70hk,0.3780419695457845
t3_i2xbl,0.3247747236937265
t3_10gk0h,0.6118917802817281
t3_1mwaf9,0.31022368818755264
t3_uwwyl,0.28725473503228294
t3_10ca6l,0.30741344266855186
t3_1h4mik,0.5331507531953185
t3_i0qp5,0.6423180453063958
t3_krx89,0.5055528164428695
t3_ibtwa,0.5082517839723218
t3_11tb71,0.2853432005350683
t3_sfrhj,0.29777987572953757
t3_jncp2,0.6746403999630033
t3_t7qee,0.255566134282621
t3_zxawy,0.6764147707624544
t3_id14p,0.353720300911025
t3_1by9im,0.3362475170654189
t3_hwxwd,0.4500132876303031
t3_jmo2j,0.23585572017112427
t3_wc93i,0.23110875196339645
t3_qzu7s,0.21268397986700677
t3_xn9n8,0.24322764995980994
t3_10vrop,0.2951162283293536
t3_1crhe7,0.4070674056956797
t3_sz4rm,0.21090732840122745
t3_micek,0.4942122812099162
t3_nbkbt,0.43353947847676266
t3_13jofn,0.33628139877846414
t3_1fwjjw,0.4769246289292217
t3_q2spw,0.21878149234030483
t3_v8f7b,0.6139182048971348
t3_1cnqfg,0.4773323483548838
t3_xn0no,0.4402916928466303
t3_ki6jk,0.26669453804608845
t3_mbcj7,0.45510801261440315
t3_j65lu,0.33296311646836224
t3_jm9ld,0.38013772224127185
t3_tfo4q,0.39884505069795484
t3_1160fi,0.23191519919239087
t3_yg7bf,0.4882137477523535
t3_naauc,0.5070173060925388
t3_14tdkv,0.31513578359540884
t3_ozrs5,0.36936816716452736
t3_mywtr,0.21930526398587794
t3_14bzcp,0.28825752588295084
t3_1hwd6l,0.2276049873003603
t3_10wbvp,0.3253965882004721
t3_1bn2ov,0.29468374243046835
t3_14talm,0.4865012316423538
t3_13seyz,0.1944113917178712
t3_jnywu,0.44526052579780695
t3_tdww7,0.26074178463179015
t3_vn1l9,0.2052464646531306
t3_zhzk6,0.5270459219854683
t3_1fyoex,0.24921198654319304
t3_11t3kg,0.26923082396867115
t3_tubzr,0.209041175892504
t3_1gstqn,0.23147056888176926
t3_1euaic,0.18894059718642975
t3_ynaia,0.5203144436130808
t3_1mwhh9,0.20802663327658322
t3_m1y90,0.3227149954384354
t3_1je8f1,0.7244076348360061
t3_rx4zo,0.45533542094280965
t3_1f8kvl,0.2709305390950941
t3_1is6ya,0.23697085039293214
t3_iai8b,0.4579460658769038
t3_1fnw48,0.4065953301074694
t3_vmwzf,0.24171528012905621
t3_jg8jk,0.38877210924319716
t3_12hejm,0.4395610286390982
t3_1krjs4,0.28465530351735174
t3_k4utv,0.40042150351994565
t3_xbitu,0.2470552691489174
t3_13y8zq,0.24780769051827417
t3_q60gf,0.3895420833923433
t3_jb9gi,0.4085757602519049
t3_t22lo,0.43817948115819083
t3_vptrf,0.4158915903272429
t3_1cexg7,0.5087490579185716
t3_yuxak,0.19664374876860255
t3_kdstl,0.22268890902685634
t3_1gy3zk,0.23018363732266456
t3_1cn4fz,0.3433157746214515
t3_1o5psw,0.827001813369375
t3_1fi04r,0.2927839010768387
t3_ovnya,0.3682706661164762
t3_puk2v,0.2459421652951438
t3_1mwqc3,0.1810395304350892
t3_hueth,0.5786731631260966
t3_1muyje,0.541059516714535
t3_l5kka,0.279805201899322
t3_1cmihx,0.22777234833192364
t3_10j1np,0.2542853693439527
t3_sydf2,0.45734869069744366
t3_1fcf2h,0.22181897831940436
t3_m2id2,0.28812653671168764
t3_m0vt8,0.32516583697646073
t3_14t7j9,0.2808067982423138
t3_1b0jci,0.2864168997300089
t3_zsa2t,0.5204891623735867
t3_xd60b,0.2784640693668292
t3_htzo7,0.4685012053358679
t3_1hl0jw,0.24278889423850827
t3_19lq75,0.2842197598337946
t3_1bp2u8,0.2966992034422499
t3_jdxtx,0.3898651284352962
t3_j68ur,0.519599558900576
t3_10fo7v,0.25435426413754836
t3_18cqfw,0.47640917258077076
t3_1bp1we,0.29413546511289823
t3_hzzgp,0.3633669001080607
t3_jrzko,0.30954468595112106
t3_ieglz,0.4703189830236151
t3_113kuj,0.2601028432441703
t3_ledoj,0.27982257299226
t3_iy36f,0.28586882883591885
t3_113qym,0.4153408182199593
t3_zha1q,0.3262646057471159
t3_16xsqk,0.28986499747830075
t3_tq5qq,0.2852218339513289
t3_y2qle,0.242780649717578
t3_jafft,0.31519886352057847
t3_s6iox,0.38203437024310294
t3_vhs8y,0.24816351470581288
t3_kyw1u,0.2623904588841416
t3_12839n,0.4536344393016447
t3_jsaom,0.2924343261336131
t3_qmp3p,0.3102943744139055
t3_ny3zk,0.4426317900833744
t3_lkmwg,0.5369135793645695
t3_uhmf8,0.330366692204172
t3_hyr3z,0.551417095888264
t3_pvs82,0.40109987215069764
t3_htfi5,0.4946462112939458
t3_ltyr4,0.4898433983662518
t3_x285o,0.3111044373694112
t3_j2fxf,0.4609621427789964
t3_lt6l5,0.5337717056591507
t3_mlwsc,0.29187332743756533
t3_kwlpi,0.5643947750854587
t3_susbr,0.2928357322589402
t3_13ww4i,0.24910255164635164
t3_rs4rl,0.35099178174350243
t3_12l3sq,0.2199114810396256
t3_1e7zhc,0.24256846016126682
t3_14ssun,0.2329518215114352
t3_pbh5x,0.2868450785740443
t3_1iemsj,0.2862192158630737
t3_qdn9m,0.2714980390850852
t3_ienvf,0.3175693087749752
t3_1ckh9t,0.3583122605262413
t3_hwzc2,0.3048050575553572
t3_p3lkq,0.38701717123489365
t3_icr1j,0.32163111875170325
t3_1ipgcx,0.39942507706515373
t3_iqw0f,0.27472374968521684
t3_1fbfeg,0.4666469475360243
t3_j7us6,0.28540555623132147
t3_iwany,0.2635245516786847
t3_mdhq5,0.6611510095581499
t3_wag1s,0.26331879720108275
t3_1kvwpq,0.24288903331708916
t3_plp25,0.22575378899394172
t3_k3qyc,0.4977622253473174
t3_12txtd,0.23830979246049444
t3_irj2c,0.3227818874758571
t3_qnrv7,0.5977201484691561
t3_m7bdd,0.4329271187137894
t3_10qngl,0.1943152886754839
t3_10d4a8,0.3235426370059383
t3_w160y,0.27271136608121305
t3_lp1ux,0.3258877833371968
t3_1i6bna,0.6112534604848825
t3_1g74wk,0.27201900730012596
t3_18pv4q,0.24606427220517108
t3_1epv0f,0.35288450671483484
t3_1mvb6s,0.369370535725731
t3_17z37c,0.2512265332345159
t3_m6np7,0.31138811163259483
t3_11tiox,0.248012388274437
t3_jf55a,0.2246785509620161
t3_l3g0s,0.34254633838804194
t3_19p6mc,0.23213319302116084
t3_xeedv,0.27633548017961523
t3_slq9i,0.24734192909444536
t3_jirtz,0.5389588833688385
t3_tblcz,0.5084715158891967
t3_qqud3,0.41381333237257867
t3_r06po,0.2580826526919057
t3_1l2a9r,0.24753268825061586
t3_iefba,0.4725619581367452
t3_kbc4h,0.26466081356362614
t3_mc7hx,0.4569935532937148
t3_1cyxp5,0.8192926591068213
t3_1lmc4f,0.41633711949168073
t3_wo6p3,0.37334039283447906
t3_ojtem,0.21752906998778043
t3_k3yrb,0.2369224909418013
t3_i8xhn,0.3683957862848084
t3_w6xdm,0.34140235808180003
t3_1mxpun,0.18580926906235795
t3_1lx6vd,0.6629927738865325
t3_j8hka,0.2996278937395895
t3_xawwv,0.20628171949114318
t3_1l19vv,0.20410008987504671
t3_j4vbo,0.38757383459193195
t3_1ikc0d,0.3217471572624098
t3_m6rdr,0.3346085704851438
t3_19xxso,0.2900011928573999
t3_jt1ti,0.4341225753860736
t3_1abab2,0.2718174955037229
t3_17rl0y,0.5999038881470586
t3_jdfhh,0.4858316910989168
t3_1atk3v,0.32212443063449375
t3_tglzi,0.2100755248583183
t3_1iv6uf,0.21797418893474355
t3_p85iu,0.43915480596396916
t3_x9v8i,0.25034213026149765
t3_mwclc,0.5282494745805997
t3_1432t6,0.4378093468180485
t3_1732xx,0.25800348800893314
t3_uaqw7,0.23469021419985683
t3_jwam4,0.3583213616831621
t3_143pb1,0.3732094758160094
t3_ixmw3,0.4492294013121455
t3_roye7,0.2755934524292506
t3_1l1b96,0.18419569076808642
t3_1lfxmx,0.1978623077354766
t3_sm0fi,0.27440860337367945
t3_x6xfz,0.3431796483584328
t3_1akj1c,0.22173914267187628
t3_jzcyp,0.2204122456667567
t3_o1gb7,0.5747851442298179
t3_1dapt6,0.44037616966270277
t3_1a1wmz,0.24831903626224888
t3_17apty,0.31098024094332155
t3_13fi4r,0.24048476196740742
t3_1ly2ne,0.19988124720685022
t3_1mvmz3,0.21946028655720926
t3_10uh4n,0.37283630371545484
t3_1m4s8q,0.3486227819306048
t3_wd1bd,0.257824506289698
t3_ifih0,0.2714322205118517
t3_1hbxzi,0.2355231309710387
t3_qs09d,0.2917063705353738
t3_mjf5t,0.2892733520158615
t3_12p4qj,0.5827247980963925
t3_soea1,0.3973483037649912
t3_jly5g,0.2751232584641319
t3_1lcmkx,0.17454242775505202
t3_1jo0bx,0.38805761404641026
t3_1ltp6r,0.22119262783654692
t3_181l4t,0.405353517840758
t3_ipzg4,0.2699488369002308
t3_js0ju,0.552308440441075
t3_1gveed,0.30338127959850003
t3_tozvc,0.29464886682932556
t3_1kilzb,0.21652840012474672
t3_185vvk,0.23841247897166537
t3_m47yc,0.548498313495876
t3_1mg7m1,0.20435554402404055
t3_1mdya5,0.2494677901493432
t3_19ctqj,0.28640085528072085
t3_1mim72,0.2597340685706413
t3_iymko,0.5293892638621556
t3_opkmm,0.46031516866669786
t3_y466n,0.3901954783647442
t3_jx9tr,0.24624059663171818
t3_10zoec,0.33575223641406754
t3_u08u0,0.28974409862921513
t3_19ob9z,0.24708228330862306
t3_jzkd1,0.25102487024054365
t3_q73oq,0.2210711668802135
t3_y5vj7,0.2656942764217937
t3_y8w7b,0.26217765150641337
t3_kxjsp,0.22617940241423534
t3_1ivwvt,0.24977304484648388
t3_x768a,0.19974606603442008
t3_1iv28l,0.20956747666140146
t3_1l27b3,0.27401350528252255
t3_q1xxo,0.21740444337537992
t3_jb6na,0.33525111776427313
t3_163bzy,0.4892044120644644
t3_qsejn,0.3098773075051352
t3_1nbrku,0.6471550561064319
t3_1ej7wt,0.2352751011669879
t3_zh75s,0.25328874574185284
t3_lstm9,0.27587569733455936
t3_1j5z7e,0.3180911130952677
t3_1574sv,0.36037502477767036
t3_wkdxa,0.44226422259769194
t3_pl5aj,0.24941255099657944
t3_qap6u,0.5735769954073181
t3_1gvnj8,0.21500440360624878
t3_js9gy,0.5048045547207917
t3_is8cd,0.4021402300912341
t3_lbl8w,0.2696767904396629
t3_uozbx,0.2605432227360839
t3_1lxntp,0.19648520118413793
t3_11n72r,0.24435034324706423
t3_1iez8q,0.20588358458256806
t3_ozu7k,0.3997937929110744
t3_owy0m,0.2180666260835345
t3_1md6b9,0.4769144403263612
t3_1ex028,0.30648812132056213
t3_1dg2bk,0.21895768444395133
t3_hzt8o,0.4261211071463539
t3_131n6r,0.20621776362125427
t3_1jxgvf,0.251443322052736
t3_jmdya,0.22092271553278162
t3_mg1zt,0.3532394470733745
t3_j0cz0,0.3793599019306607
t3_k1gsx,0.3951656082025513
t3_1dmups,0.2530763180502693
t3_x959y,0.6235911317077847
t3_nnbds,0.5059698535271042
t3_13trxv,0.25971701402122166
t3_1awfml,0.40567872263427807
t3_lyy5x,0.41647886395506073
t3_1iwegx,0.4059114329968765
t3_193frj,0.2543399307744657
t3_1iudup,0.5287132197432971
t3_1fwbdg,0.2182047962906128
t3_16xtvk,0.3226222352303806
t3_1ipepz,0.20902251413705578
t3_mhcm8,0.3012589386365798
t3_1gq3gs,0.4362329629514965
t3_vghwo,0.22860932308651005
t3_keseq,0.3074741051913904
t3_16z08l,0.520902249210357
t3_mas62,0.29877164656987276
t3_1isgm3,0.27822250481973076
t3_puwjr,0.2768036886832337
t3_liudo,0.21944722216926082
t3_jxh9m,0.30237230538672094
t3_11yzo2,0.2864295094991754
t3_1btj3q,0.456065009507055
t3_lfma1,0.5706000164444933
t3_pbyjt,0.2876515375502231
t3_1jo4f6,0.22899008953670086
t3_yejtx,0.37169172257051053
t3_193zoz,0.21303986071191583
t3_16w2nh,0.3159603159452503
t3_jhmef,0.3905289816591907
t3_tlbjk,0.2777059109005684
t3_s80om,0.4977084312689305
t3_kwrjo,0.46428736741859356
t3_1cw1ms,0.3476351402499468
t3_uj99i,0.3781246074697958
t3_1apdwu,0.33023372032550513
t3_iborf,0.3198525041304536
t3_12kfy9,0.23050804830651156
t3_126tep,0.22514268289401151
t3_ji3ca,0.4242540961310798
t3_lqnpz,0.3246854064887661
t3_ibvn8,0.24604985882406125
t3_i50i4,0.374071042309995
t3_lushm,0.3028152769433864
t3_iffit,0.2777425291264156
t3_12nmdv,0.2914351117445515
t3_1lrh6u,0.2721747941313878
t3_qvbzt,0.3803643365903254
t3_1iez5w,0.2604531912408472
t3_ql5gi,0.2728038668217322
t3_1msxkn,0.19419863247155567
t3_jf2fg,0.5072920749403811
t3_1g4lyw,0.38522971231508263
t3_1k910y,0.34958098217043654
t3_x3cmt,0.34981314393943264
t3_x9etl,0.3184006795536635
t3_klaa6,0.3336749896964988
t3_yht6g,0.22812699277915852
t3_y2ljd,0.4035539745125224
t3_ialy9,0.6084681543229635
t3_naq48,0.2679332237095329
t3_107ru4,0.2639765432268979
t3_1ihfkx,0.20092686455303765
t3_1ll049,0.19463548341661502
t3_12nmjl,0.2487358693367891
t3_1mit7t,0.1927222610746643
t3_1n84jc,0.1936524522889895
t3_1boflh,0.32845891385052794
t3_121toe,0.24257405553298061
t3_umaqa,0.32194375521737756
t3_i4ck0,0.29011564991907435
t3_193zo3,0.2285373523642263
t3_1jggdv,0.30466720325070756
t3_lencv,0.38808022967178313
t3_1ahfft,0.39179742014886376
t3_vpa6p,0.2887416920149357
t3_k1yom,0.4326407197403649
t3_k4nfr,0.4134852986550759
t3_iptt8,0.22739746956821655
t3_1n5n9z,0.20565149859170773
t3_sss6w,0.3065910358556757
t3_jb038,0.49957399942229863
t3_v8beo,0.5660346482904832
t3_i9qjc,0.2899614393157533
t3_uoywy,0.3718520294396924
t3_15gf4h,0.38991150420000276
t3_z7i98,0.2491610412989969
t3_kibv8,0.22064010301947434
t3_lope8,0.301347287806473
t3_116umn,0.3860983689423415
t3_k31fw,0.2946081618258304
t3_yl88m,0.41569621065027496
t3_iypmh,0.3842629152082385
t3_ihdnr,0.26356586713047603
t3_15jy6m,0.2416454895844373
t3_1l0j5d,0.2361405954576013
t3_1diu6d,0.5642774561044633
t3_1fzhzr,0.28063301212905456
t3_iclgj,0.4305364908470678
t3_1jzcon,0.304129759492392
t3_l2tb0,0.3191357726764806
t3_16xpx8,0.25735369706999234
t3_1h6hhv,0.33429488522806067
t3_10u7w0,0.3066204628181215
t3_vnbuw,0.3189708244826065
t3_j0p9a,0.2851624362791834
t3_z59mf,0.3031159545142564
t3_1lozqp,0.4266658240912725
t3_mwzrw,0.2804384161732939
t3_iri2m,0.49577550183365604
t3_qc8g7,0.35122325379398944
t3_mkd95,0.4016217676613665
t3_yl0d6,0.7195096175308322
t3_1gtjtl,0.390655687826707
t3_1l8cy1,0.26825347231524155
t3_k0rt7,0.32317652163966487
t3_17bfiq,0.27095883097278173
t3_10ha4t,0.3907600278133285
t3_ylne2,0.25084466889346624
t3_q3bzv,0.5006773921514089
t3_100ws2,0.2868328026846146
t3_wkix8,0.26608445813867065
t3_1cqwsx,0.24111294807172867
t3_144op5,0.47562724087595065
t3_pmvgu,0.27368233365074696
t3_16bg93,0.6350369163440488
t3_10a2dc,0.22066956396957021
t3_pt1qv,0.41806809790147725
t3_1na4hu,0.19722058806602744
t3_1lt6br,0.2605941562748848
t3_152ods,0.27559831982446753
t3_1j96zh,0.8630463357034102
t3_ialea,0.4823319698048153
t3_1kiib3,0.26604087723733383
t3_zj8ln,0.27644536578533907
t3_1ku1id,0.3993143579355287
t3_yq9dd,0.24969436649419197
t3_j1ppy,0.5461667745116263
t3_12rcts,0.28948627379452435
t3_1005cj,0.23756167052796
t3_v10wr,0.2559259871098908
t3_10tzmd,0.3869797445997665
t3_1j4sg0,0.21980501420331489
t3_13y2ou,0.2830054836229596
t3_16c7pm,0.37366500976282535
t3_jpyr1,0.43477795844456135
t3_ynmkd,0.24177596933340076
t3_14wvfb,0.23224623130665525
t3_qj5j2,0.399395883161451
t3_ys4zk,0.3560361376301162
t3_1imxgn,0.3009605556540338
t3_ukrwy,0.4848880955528869
t3_1b4spk,0.21645586761269084
t3_wpp9o,0.30305207148795094
t3_s4jhg,0.24720498718538703
t3_i2vq7,0.3279751437001388
t3_1miz3n,0.20366897719666324
t3_1209kl,0.20955555570332224
t3_wh0l4,0.2796837031539664
t3_lu96s,0.22154760420224806
t3_kcfr0,0.40672883507636415
t3_1myvpl,0.2745254963779146
t3_1l0lpu,0.3148627830649524
t3_z1lre,0.38546780474593834
t3_1mu7o8,0.22263012309723618
t3_zukcs,0.3113023916900203
t3_i6vkd,0.4361415041263338
t3_kcldp,0.48429370347691203
t3_19dhd6,0.2957658670637406
t3_1i7c6y,0.22087399618061038
t3_seonb,0.2693306768395929
t3_rv4en,0.28521254534347196
t3_qrwex,0.3478615256921682
t3_1mo5ws,0.23194460815080953
t3_ndq9f,0.2816901160054629
t3_o0l9h,0.29113014379380764
t3_tds8d,0.6974350972925261
t3_1jde5v,0.2561014756182456
t3_12hb73,0.33074672865074295
t3_juemz,0.4007694618478953
t3_kh34f,0.2739306013020648
t3_khwp6,0.6464796821767049
t3_iqumh,0.6981492304274638
t3_pszmn,0.2561037847803106
t3_1mx366,0.2179154927303002
t3_jcm20,0.4327853363792601
t3_1bbzet,0.2887266456500278
t3_iowa1,0.27526775938052933
t3_1h1syy,0.38973837953548274
t3_myx8u,0.5305169837196045
t3_1g7ny0,0.21698052729146566
t3_17tkid,0.4602855044582981
t3_11hcyw,0.23449055991185175
t3_n6qkh,0.2933847536822994
t3_tmn3s,0.2843724984136994
t3_11v7q2,0.2731994275640405
t3_1cd6yv,0.3597617937783564
t3_io0oy,0.5472946837663623
t3_1hip5p,0.228279127883559
t3_1gkd2i,0.2255661111392885
t3_hvgv7,0.595877326461545
t3_m5a39,0.24506162158300726
t3_17sl35,0.3461197932036677
t3_utp3h,0.4233790648080783
t3_10tv7s,0.3062152641483467
t3_1a40n4,0.26746634634634525
t3_kj8a0,0.2747557784497946
t3_1mgrri,0.21772028688915096
t3_1nd11h,0.28698857904665476
t3_1ldhfb,0.21949095742971658
t3_10mo95,0.26440895435240536
t3_sx32l,0.350523639073556
t3_pw2mi,0.4160353879690457
t3_o7co1,0.358719260626425
t3_16stuw,0.22217467106007305
t3_1ctx4r,0.18893349045189803
t3_1adx9s,0.2760256890279951
t3_il9ks,0.3003745383882631
t3_rp169,0.3692727420505366
t3_zatki,0.26311218397522707
t3_iknip,0.2752922184173674
t3_uhoi3,0.17038354949836637
t3_uz6m5,0.26319967241703157
t3_127wms,0.2955052394917214
t3_16bong,0.2453345743372805
t3_uz1hn,0.38100672508483424
t3_keq0w,0.29575257745512007
t3_y3hef,0.2936039017914462
t3_iaoch,0.33911365659328446
t3_rf6ne,0.34242786107285117
t3_1cjpyc,0.44175893950372813
t3_t1rba,0.2623708869892681
t3_j5td8,0.5337957974061206
t3_mpkb2,0.42314089572441604
t3_x8k7r,0.32426953662004926
t3_ikw4b,0.2527972168536049
t3_1784zg,0.2738090103555456
t3_it7o4,0.3321358499667986
t3_zv8j4,0.33853356217076513
t3_12t1lk,0.254593715882214
t3_vjk10,0.4276637737801825
t3_khwh9,0.27060692771565453
t3_1b7u1o,0.22478839267601872
t3_1l2duz,0.23608378876171404
t3_wkwew,0.5437259127250703
t3_l1klc,0.32025198804295174
t3_1epqt0,0.3536550149362937
t3_1mvp23,0.31728340645432845
t3_tnfo9,0.455235726402606
t3_ka7al,0.28557041113424897
t3_wwl2i,0.4183327484354661
t3_inkwj,0.34152021808506766
t3_ilt19,0.4426084073088644
t3_pgs0h,0.26585058445105214
t3_iwfey,0.39278422214021536
t3_jqgd5,0.7807175993417202
t3_qc5o5,0.5423529627447704
t3_soims,0.20907679473347413
t3_17s4gm,0.2036389498434868
t3_1hq0de,0.1971909376825797
t3_jigc8,0.2211300441939858
t3_1l2vma,0.25556178437093646
t3_14t437,0.36578149420494466
t3_19jx8n,0.28422039216920775
t3_n420r,0.2581003264864232
t3_1czpg7,0.3439358410465816
t3_ishzm,0.47548359769974535
t3_nx2c3,0.331957862508959
t3_1jx4g7,0.3468737228634001
t3_12zak9,0.33548150789211273
t3_p7o7p,0.4565353007235634
t3_u7588,0.25927665374556025
t3_icoi3,0.4466532672448833
t3_10p6bh,0.19435022323278336
t3_j0ert,0.6456595659251827
t3_i5pv9,0.26503417171783517
t3_ncw61,0.4875126033346536
t3_1a6oez,0.21010798452107587
t3_15zae8,0.3457394376800606
t3_118p7t,0.7664707922390896
t3_p1s5g,0.3203295478127701
t3_slvkc,0.33758027549281167
t3_1n0mel,0.306212323661438
t3_z9a9f,0.19555177799830062
t3_vzxe5,0.2606008013783725
t3_103oiv,0.19581710396736773
t3_14wzoi,0.31601616453684295
t3_1ib7b2,0.4459965460324974
t3_llyi4,0.25096464333775576
t3_1kxzgl,0.3334277181098773
t3_ihdep,0.3954355506880688
t3_iui32,0.2747486452086646
t3_pwu9g,0.38747255121761937
t3_1jd4uk,0.21165638836333905
t3_iq6md,0.27815624109012244
t3_x7u2w,0.417287293375433
t3_1j6vvd,0.2560468848935776
t3_103ub7,0.30527834145780003
t3_14a8dq,0.2554459591339615
t3_m99m6,0.5592660148042119
t3_x7oqf,0.3470549810719686
t3_1ce5o7,0.3392516340012902
t3_1cvjjv,0.29348683446181556
t3_1nbngz,0.300769189721094
t3_1a8xdn,0.32367550467604833
t3_16yaml,0.2054589219718361
t3_1i8aq1,0.4076016159430996
t3_15nht5,0.44944862039027444
t3_1glm8v,0.26086427074818014
t3_l8c3e,0.2801061881221937
t3_qgp7g,0.23183138155377134
t3_1bbkjj,0.6638792619008638
t3_l7tdm,0.6410886752350002
t3_oqfw3,0.26530338909970425
t3_vn01f,0.2908989854757371
t3_j7spk,0.43992143786582283
t3_k6wpu,0.49108854114609923
t3_wywms,0.27366980641267147
t3_1mzwgv,0.5755761148240479
t3_1g30en,0.2831512940744692
t3_1lqpgs,0.24222335357355987
t3_xlntv,0.32691945227873564
t3_1jaeay,0.42037911061428146
t3_xwkff,0.2390708604684019
t3_qble3,0.48267984902585537
t3_vgtvb,0.20744381332219736
t3_huun2,0.33373823946861114
t3_11iwbh,0.38431026395926005
t3_saszu,0.32810241283399555
t3_17ziw6,0.5114838854021148
t3_nfyao,0.5223719476688454
t3_zuqs9,0.1960165671023295
t3_1aoyt9,0.23140411026271218
t3_i5viy,0.2999471573389733
t3_1alsyg,0.21808592549836608
t3_1i1vg0,0.3934040360373009
t3_ot0gt,0.5073350615785327
t3_o32bg,0.3862676737772923
t3_1ihs5o,0.3281658010992826
t3_n6ike,0.3588161374077272
t3_19w1fa,0.24692355985737818
t3_1iz7w9,0.23674841576604216
t3_15irym,0.382590633158133
t3_recpu,0.6301715014775692
t3_1bnjaf,0.24034196478539166
t3_mn557,0.34975730277295225
t3_1iuxw6,0.46499675478135105
t3_1eipbs,0.49349440361937436
t3_16gm64,0.2742841471051418
t3_z10a2,0.18312896205922718
t3_jq2qd,0.28001043109043083
t3_yl0mo,0.43811105167655584
t3_iburr,0.37158916799436437
t3_ijk8n,0.25013510222517576
t3_jya89,0.411308002685156
t3_mslxz,0.38960217853689716
t3_1nuvzh,0.5764725918475443
t3_kkd4w,0.5381070384329313
t3_qbp6w,0.42759996664457633
t3_1g2qc7,0.2908191574702669
t3_10fjy1,0.20608406860272055
t3_qzqrr,0.33763778582112774
t3_sizfg,0.29529218493967346
t3_k6dvb,0.3851752452141197
t3_jx8c9,0.41364982079003254
t3_1l7szl,0.36767958167966197
t3_kal40,0.3783669249365942
t3_y80tw,0.24170008755771605
t3_q087s,0.4309665637049246
t3_wcv08,0.26060510117528773
t3_11ybtb,0.23326263632019467
t3_jb0sr,0.3785021057260085
t3_iqyh1,0.3808415756302722
t3_vbvas,0.502358821492954
t3_i77kq,0.4443703186107789
t3_kn4tz,0.2811253923191712
t3_iql59,0.531697427238279
t3_1jtmxq,0.4272096180699533
t3_1g4n79,0.234052980001544
t3_18a5ku,0.2208686173399736
t3_1eojga,0.22666078117983285
t3_qyoqv,0.6197053641221627
t3_j0c1a,0.44039748708905213
t3_14yxcw,0.3567950359878741
t3_16n6pk,0.7638205731611956
t3_vmld7,0.24963238257472353
t3_19wz0p,0.1984185022993522
t3_wh5io,0.39033569186498485
t3_wllf8,0.18059073410723847
t3_1j8sle,0.6811253038871277
t3_ygzwt,0.26219006840328835
t3_sf1tx,0.6251165059371266
t3_my2jp,0.30294120962953264
t3_1csu44,0.3576882666535467
t3_1gzwv3,0.7565972167360466
t3_14i071,0.25083336662362
t3_mlvt9,0.3592787162819572
t3_16bki5,0.41616489798959355
t3_1irwdx,0.24750391561479448
t3_o9r7b,0.28306295270606296
t3_14ul32,0.4598671316966715
t3_1i0eh2,0.3099901957479636
t3_mqngj,0.5025947795131319
t3_1crdrj,0.4301815829044461
t3_x5h3j,0.682233035066054
t3_1kud1g,0.208813192101204
t3_iokob,0.27655797798019144
t3_lqc45,0.32007130133745276
t3_1nbk5w,0.2013230868287092
t3_1dqyg1,0.42659319070959467
t3_1lxc6a,0.5893005239601135
t3_16up9c,0.24407225428163343
t3_ki92d,0.24482872520017118
t3_xun5w,0.22849903478523553
t3_jp37k,0.22367091985052634
t3_iw40l,0.3623749888863279
t3_1bnc88,0.2977478144544592
t3_nf344,0.29996197148829656
t3_if7k2,0.28226714354935634
t3_jkyp6,0.22099355898417952
t3_1cpe20,0.4345950234516064
t3_tq16k,0.20915843430025982
t3_1dd5tg,0.3017641465108936
t3_16smd3,0.37955375160762994
t3_uumxf,0.3333763986077344
t3_1ihpy4,0.26851244835785854
t3_ip2hr,0.7492750001198982
t3_pvcnn,0.4195682826643835
t3_16kriw,0.19761202743024864
t3_lwy5f,0.5998465600733772
t3_wy5o2,0.2993476916625981
t3_15995m,0.37923901454991205
t3_1g80pd,0.22721860716127376
t3_vt5ky,0.3552982266026202
t3_kpi24,0.428705337141016
t3_15uhsz,0.19433436441822216
t3_wy5zu,0.268692617501607
t3_x3kb1,0.3518711220098121
t3_j6rym,0.2966663247181355
t3_oseds,0.3697255366758607
t3_11u31u,0.21635300187947196
t3_r167g,0.21241556157605523
t3_1dauom,0.39459143207265157
t3_11h6ki,0.26208454338233883
t3_y9wpd,0.19787247371095718
t3_spamz,0.3104132639706134
t3_1ikz3c,0.2774074755422707
t3_y60rj,0.24803950231665334
t3_vctql,0.280546959354144
t3_k50j9,0.27249266102158254
t3_iavvx,0.4137470427466766
t3_u97ej,0.2677076496596663
t3_zeqka,0.23665753370005052
t3_ivcii,0.3533018246802363
t3_10u1pr,0.23365524295083168
t3_ibqzx,0.2619639374643481
t3_k1f2x,0.22032572798141073
t3_1e9rou,0.22028530662980755
t3_ibp27,0.26118859295624836
t3_yfron,0.6832821072693234
t3_ity9v,0.4401837884879013
t3_16tpsb,0.3755060182112523
t3_1iwtmh,0.36177543725106054
t3_o8a74,0.4733494307674543
t3_lqmfy,0.33690884604663185
t3_yabhi,0.27930861246613015
t3_1gzjki,0.3246705762666482
t3_qlw5i,0.32073313501390965
t3_1iwu3k,0.2996827968726259
t3_wzgke,0.2775433456122267
t3_x60uq,0.3484966118908772
t3_1n8ya7,0.20757780570432724
t3_1mxh2m,0.3383817609932135
t3_nuc18,0.3503447489477989
t3_n02dy,0.6766334565649144
t3_19jb1z,0.26463398327949356
t3_1krrqc,0.33481604967711714
t3_xuxaw,0.1983816346236542
t3_xoqxy,0.2812944513976512
t3_1iu6wt,0.28581029546666503
t3_1hbjrr,0.22285640452176048
t3_14xerk,0.3788726985159736
t3_o4np7,0.3059743314073927
t3_j6rve,0.43695660901324307
t3_zjzx0,0.32970879027403555
t3_wdhwu,0.20185771822860266
t3_1ii2m8,0.306878154763966
t3_12jnd7,0.19487284985763526
t3_noqvy,0.43691877713266003
t3_1nbmq4,0.3323748555154826
t3_13bycv,0.43175849200282423
t3_1d3knr,0.2835378649048422
t3_wogdg,0.2908689287834314
t3_11q44h,0.2502442048823864
t3_12nzg3,0.2928282465030044
t3_17tw9t,0.2553736438486994
t3_if2lx,0.29824225124576
t3_1jun2m,0.3199638988979147
t3_19cylf,0.2908253392825157
t3_jt3rn,0.29948524766571416
t3_1ibd5b,0.41866308421394427
t3_l7cxz,0.43030703826633154
t3_1ci2kn,0.2098641353862723
t3_lcdp2,0.23818748609457088
t3_1lfolk,0.5204725069184634
t3_1j8mbe,0.2991641363787529
t3_jx8ma,0.2205253936372661
t3_1cu42k,0.23059877579490906
t3_kalpb,0.4060675781554409
t3_12lehd,0.47901222373379904
t3_kskxw,0.37521831311391085
t3_1n296f,0.4117376594657689
t3_lgsol,0.425467551843286
t3_i82id,0.45337097218118283
t3_n5ee3,0.5758850535132799
t3_mw6mn,0.2811472075251674
t3_1c162l,0.6069063455365511
t3_ihvtc,0.6553438864143721
t3_154oxy,0.2318007564001583
t3_kqiam,0.38354615867419384
t3_n5s0d,0.39478960360137416
t3_10kx56,0.28389678541349944
t3_v1zxp,0.45170062627096674
t3_11oca5,0.24090308252566137
t3_lhtt9,0.5560892427362831
t3_o1sex,0.4053270740570486
t3_10opxp,0.19527123023108045
t3_11l9tf,0.183648499157539
t3_wad1r,0.261378957132861
t3_11ub4a,0.7188634684930216
t3_yrhwg,0.3099732725518462
t3_wapmb,0.2211724651695395
t3_1azh0f,0.43430177214258514
t3_1cyenp,0.31411041623017255
t3_m4a4w,0.43500252450713994
t3_16ei1j,0.4371315037364677
t3_17dp7q,0.2728179889586747
t3_1b1yue,0.2567492606824439
t3_128jt5,0.5340780396841918
t3_xbm38,0.5147950723220965
t3_1hplyt,0.2518629393151376
t3_yhdcj,0.23212527551687037
t3_1h7v40,0.20502247134813523
t3_qywp7,0.40700226528252426
t3_1mjo0g,0.24619156617331028
t3_i2gwx,0.47250388961802436
t3_x7px3,0.26981993690578043
t3_17crrn,0.2684749789997366
t3_15muo0,0.28660076915589316
t3_iatwz,0.5247090369518118
t3_j55ss,0.5545539370750152
t3_1ah59z,0.2922695384955677
t3_1hg3ju,0.7257905873999277
t3_kfdgh,0.300240758183254
t3_l61uc,0.28849604691699043
t3_w6c9t,0.2428383177616264
t3_m5gfe,0.35925785276909583
t3_1nuw9m,0.5514419118831466
t3_rc0s8,0.3244405096816083
t3_n04lh,0.3065647202319485
t3_ozr08,0.2846980238787292
t3_k5v9b,0.22915209338762202
t3_z1zks,0.1966372707877119
t3_q5yda,0.40992526122585116
t3_y3xyz,0.2480018236115849
t3_julqz,0.38868668893797587
t3_14tned,0.23864072410652507
t3_11ppkr,0.3533900916036564
t3_1cruvk,0.3187951203214508
t3_s3iwq,0.5361983428411576
t3_iqvav,0.22431082625431104
t3_lzc3o,0.5082271182245607
t3_wgfco,0.23167761803726286
t3_14tp3u,0.22578720403002228
t3_pgnfb,0.23519482271102002
t3_jf2ir,0.3366278998962786
t3_k4gza,0.21966147292854588
t3_10wg2c,0.3615294177869951
t3_if7p7,0.29929517932543215
t3_m45jf,0.3418433658802138
t3_uf051,0.5173058979909352
t3_17mn5i,0.22640591028635726
t3_17gl52,0.29267493954694124
t3_iqvla,0.2646598013569814
t3_ldki5,0.4365229114393876
t3_1126jt,0.5031380883259289
t3_mvsb5,0.32698083620884266
t3_n32ze,0.38468473019648686
t3_gl7ef,0.5861523370866398
t3_iug9n,0.319800140189457
t3_1ewdrb,0.3453911314765199
t3_tdu8m,0.6464906596779899
t3_k91wr,0.5243654611235521
t3_r0h5h,0.26374674106840307
t3_ifbw5,0.4033110471082584
t3_1n7sx3,0.25620516912059244
t3_1b5a4p,0.3272727146886515
t3_iamq6,0.6194549713615662
t3_o6z29,0.25433251615562
t3_jydqo,0.35312895694080704
t3_p3ftt,0.28423421894945056
t3_pupzc,0.3966257263693641
t3_tn97v,0.26905927709979105
t3_vqsnl,0.2776015434955692
t3_12cxuc,0.22386540768085822
t3_1ktx51,0.40877536466812603
t3_tydcg,0.2582833774402743
t3_hug18,0.5115506613429355
t3_mi7ma,0.37037315123578274
t3_l67if,0.2958799747851445
t3_1lml71,0.24713296764639076
t3_otuha,0.2839915690215593
t3_1dfe2n,0.37638161531309144
t3_zkui3,0.5014901775413285
t3_1mh9w4,0.23239158962545958
t3_1jp3f1,0.33584691085688956
t3_16gr5b,0.2698845223305139
t3_mwd82,0.21908653964651506
t3_1jn1j6,0.26505107262180794
t3_1ezf35,0.20874572618719478
t3_1j4ytk,0.2057853535851717
t3_ud0gj,0.21269539750138688
t3_1f8knc,0.22401316598562607
t3_vgool,0.5937244374771385
t3_11b1ti,0.2111828903799376
t3_1aoz8s,0.200770626079104
t3_1cr1zd,0.3289572964609657
t3_yvma1,0.2411693345541559
t3_ifzvz,0.28597768149703506
t3_sp26r,0.5958795160801099
t3_w5b9g,0.2679419666919245
t3_ql4hw,0.2719933505141664
t3_v1zdc,0.304691482495998
t3_kxz0h,0.6172712655449997
t3_wa7hw,0.3943808607762789
t3_lgtm6,0.22156204092645523
t3_is4sr,0.290886487498074
t3_19b1c5,0.3344216304617691
t3_1iv47z,0.20036494453117826
t3_1j04eu,0.2996298387288413
t3_1jx10i,0.25641935634648144
t3_i5o5g,0.2895664461652421
t3_1e920k,0.41516147777479306
t3_k70pb,0.5193175171070066
t3_xko5d,0.2822377951633512
t3_1a3vfl,0.255385277484924
t3_1lxybt,0.3380285968637422
t3_ldjhu,0.500753674912994
t3_ldeog,0.3784255469271163
t3_pfod3,0.5582084849401582
t3_193qwb,0.25644168725601796
t3_1950v4,0.46603875339948353
t3_lzkhn,0.36282306378190765
t3_krl47,0.2800470621058634
t3_r67bm,0.23014645578514603
t3_zaw9z,0.2665244520461647
t3_sxko6,0.30610422139334226
t3_p8av3,0.4759088909572061
t3_inwm2,0.32331198200000505
t3_1ihttr,0.206754204340045
t3_j85dp,0.4531533415065496
t3_1ag1v5,0.3494507395141876
t3_1lu5yo,0.1925297451785334
t3_1fj9p3,0.30718101349478544
t3_1nv4ks,0.2560146770849232
t3_1mdaak,0.19625592889691404
t3_1ctxw7,0.31831860192060246
t3_1eevnc,0.4002414168148062
t3_1ij15g,0.35669192834987873
t3_15isv5,0.4204186777826634
t3_1lf3me,0.22106781009791082
t3_16d2ly,0.22212971928243855
t3_1k1xs4,0.29205766418964285
t3_ytvgx,0.834900822129887
t3_1ihggu,0.2902733324203594
t3_iyq1i,0.3510076109961717
t3_j2vji,0.29704074966078686
t3_tf9im,0.26691490195165896
t3_15ti56,0.34247029319831523
t3_zq14r,0.23705529542595322
t3_ix9g0,0.2902487526294075
t3_sosun,0.2685773099067209
t3_13byqo,0.30720867434658566
t3_1cf800,0.33410659697989625
t3_135fj1,0.23772970709852376
t3_1crefk,0.3689710390366844
t3_10cvn1,0.3387920803554075
t3_sidd8,0.40466400679379
t3_l4o05,0.19047617656605884
t3_1irpp0,0.35086047767043227
t3_14tboe,0.20562577809989757
t3_14vcsz,0.4916821304102358
t3_1ik17v,0.21786791118277865
t3_1memn0,0.6001412892374266
t3_1icup0,0.6325806742185527
t3_lhqi7,0.21949808940158758
t3_1ipvwk,0.34021306094110926
t3_1dlaly,0.2682854778985042
t3_zzuu4,0.3133473034373965
t3_19cz7c,0.37874432808931424
t3_1k64o2,0.36085690920456137
t3_1mjpg0,0.2135215683342364
t3_iol8h,0.5579079748068282
t3_1isd30,0.21649834604759932
t3_lj7oy,0.31457474443750294
t3_xnm2p,0.5590547598383913
t3_1c3v9m,0.23147996380459934
t3_s4svv,0.65902693633954
t3_19jlpy,0.2812721073230142
t3_19nhbi,0.2532406395370812
t3_1gb1to,0.46104013557397805
t3_1c8rmz,0.3535225304154167
t3_1igt9f,0.41668449048002953
t3_1eqmt5,0.29228234158966204
t3_rwaf0,0.4394477158201534
t3_1kw2e6,0.3951068640909904
t3_1jgelh,0.43595887448412496
t3_jcq0o,0.22266714921992653
t3_172kz4,0.322319670562194
t3_w56fp,0.34274694396694155
t3_my16i,0.3293399981766003
t3_k0r9x,0.2777074058065444
t3_17sczo,0.209219988028369
t3_14im5p,0.5578271092903008
t3_1ih8z4,0.35357432133041655
t3_qmmdi,0.4287399092300095
t3_qgsgw,0.21498572634781188
t3_1gdjus,0.3452720455922121
t3_k0vt2,0.2931855443218921
t3_1jd94m,0.3117891140057508
t3_k4z02,0.3450987950282667
t3_lp6lv,0.30548270612456463
t3_1agayp,0.5456632585989935
t3_1b9o16,0.22169674873320572
t3_17q6f5,0.48669641515256534
t3_n39i4,0.28086996009212506
t3_pey91,0.27808919144969263
t3_125l77,0.2160638381866291
t3_150p6t,0.27420593996128056
t3_1ig7c8,0.3158100056160801
t3_1bd8v3,0.2402949786685844
t3_in1tc,0.26435751877711444
t3_pcmhh,0.3767269193645397
t3_ziw36,0.2695131839682403
t3_m489r,0.3919129388692906
t3_jxuil,0.4163330300732111
t3_i7lvc,0.5439569376814617
t3_iq3hd,0.5544586554161766
t3_y5tl0,0.35682998797271337
t3_1mx6dp,0.48050018488236024
t3_17la4f,0.3062590553832036
t3_i11au,0.22572285873463377
t3_naa39,0.5111320222373694
t3_k87gg,0.28189218164381247
t3_lrud4,0.30747229449947455
t3_11k0ch,0.3554325971422775
t3_jjtne,0.41242684754433157
t3_1o3fi6,0.27010770088953534
t3_qwz21,0.43596499391266097
t3_if9kv,0.24047800022147242
t3_ino69,0.3079010142611094
t3_y36b3,0.35844475073036286
t3_ljw7y,0.35079844309377317
t3_msmlt,0.3157764956481556
t3_1c01o8,0.5234688444012264
t3_yk3jz,0.26705251601805663
t3_jvh01,0.2578895528721596
t3_wgsws,0.24831947526321174
t3_lq66h,0.3262321413875119
t3_15567s,0.30807537693654263
t3_1lsr9x,0.38047041219482647
t3_1d96q8,0.4463734967276778
t3_r1xtu,0.2179825966474518
t3_1exwmo,0.2660668950682905
t3_k4m4x,0.38923687655929895
t3_15e251,0.34373410505187113
t3_1ma7rd,0.203882862941624
t3_jgtfw,0.3445870294597344
t3_18droz,0.2715334567423092
t3_phmbn,0.3429498747043155
t3_n6s1i,0.5176819109758671
t3_htxnw,0.5707122386479965
t3_wkd6l,0.49765969619260286
t3_1i8b15,0.2753847714956042
t3_17ovhi,0.2729016382458943
t3_ngtw8,0.2248079872817549
t3_jedff,0.40436536450365235
t3_1iv2s8,0.2036032180643831
t3_iynyd,0.31219734820444783
t3_vi2qo,0.28400885454981484
t3_nz2df,0.4998708232542749
t3_rkhub,0.32755382130291144
t3_jmr1j,0.2832066781400906
t3_iwavb,0.22396682025816858
t3_iv6eu,0.248139372817475
t3_j6nr5,0.5724665490921762
t3_1cniq6,0.4140535489805408
t3_q0c6k,0.19689292619857468
t3_1mufdh,0.23666035904464336
t3_1bw1b9,0.20967145789382635
t3_ico94,0.33972938416456666
t3_vipop,0.36411001656386044
t3_1iwdep,0.2511194608951156
t3_1izd63,0.33906926183688035
t3_1m9j1d,0.5461641354258943
t3_1g5pyx,0.25070802627493166
t3_v7tzf,0.29571821181786784
t3_jog1v,0.2232508887598948
t3_pe8md,0.27524872715534277
t3_kxlzo,0.4060300142425106
t3_kz2ws,0.2803349817040429
t3_1ee1fp,0.28503382941123223
t3_khxzm,0.22098492872490755
t3_1166u8,0.222407516628148
t3_wj4na,0.2920635471382259
t3_11lg2f,0.35816159701302375
t3_1iwg9n,0.2901225648402422
t3_vjgu4,0.2660022359401388
t3_1275dw,0.1939164740123016
t3_16w1fs,0.5915333732907099
t3_1lxlbw,0.24393336693639883
t3_ojw1m,0.45494031905334575
t3_1jart1,0.240215427228602
t3_yf6n3,0.690759117110535
t3_1n859f,0.4507511520943577
t3_n993g,0.26202221809053317
t3_jzi49,0.26599089445246327
t3_tv7zq,0.8481265324597316
t3_opj7h,0.4409211088266579
t3_12jio7,0.3491149087769919
t3_1loyn7,0.3082620545110806
t3_12c6hf,0.23070625465091033
t3_pzish,0.49465124643544167
t3_1h05vp,0.29792771660319417
t3_110efm,0.24106363612520104
t3_xa98e,0.8066864410226317
t3_xgrpi,0.25911814824547436
t3_1h29mo,0.6668410813008407
t3_niode,0.5683298040193391
t3_hy49h,0.3239605615952138
t3_1eluz0,0.2248247910543455
t3_12eoc9,0.3036012585993593
t3_1necw3,0.36504040198794385
t3_1lw16j,0.19596619703008533
t3_ihh90,0.33282615258504966
t3_jyepv,0.41021579663573715
t3_kqf8k,0.2234959799618476
t3_m9h42,0.33775690889470905
t3_ikck4,0.35219039975819
t3_vzfp5,0.6324797310953243
t3_1mhbok,0.32017121775054014
t3_150x3u,0.24703086717325357
t3_rdsa5,0.32261592928890576
t3_1k175h,0.271967867274971
t3_xu8em,0.2652577192262924
t3_w7fjy,0.2638318051736289
t3_xnrho,0.3727143255350731
t3_1n6wjw,0.23297981175209248
t3_15fud8,0.3676966128002336
t3_11hnoe,0.24182021714136753
t3_jmnl8,0.29767779395020477
t3_1kkv09,0.19479168211720105
t3_ngvgh,0.2183662959585329
t3_jx94c,0.2882165361737358
t3_xwxmj,0.2504407620567484
t3_iwfd1,0.25797234432297445
t3_10hpsk,0.2641457197154049
t3_hvwav,0.3439779600760544
t3_snqsi,0.20910271169919148
t3_icqr9,0.5655249368967644
t3_ibz1b,0.5816756921589027
t3_iay69,0.25476043422761435
t3_11zblm,0.32964968126183297
t3_wzkmu,0.2914686497969189
t3_1crpj5,0.2399536858131862
t3_iczu2,0.26010442844782933
t3_wns9p,0.3716238445966854
t3_1invu0,0.2761149974482219
t3_m2hic,0.4676085429696749
t3_vi9dc,0.2074014674466836
t3_pimge,0.33308987455601047
t3_i7adt,0.5766169180349928
t3_15e9dq,0.3906835420913283
t3_1czkj9,0.30567321833006234
t3_1btf55,0.32845369948715564
t3_yifuj,0.19746468492302904
t3_zh4v4,0.2523897232048925
t3_paght,0.22876111203445115
t3_1bmaeo,0.4147535094963256
t3_1mnkgu,0.4263002020274905
t3_1hdqo9,0.2789253469259619
t3_12lbis,0.19309127865707826
t3_1hcumf,0.21670197759664073
t3_11s3p3,0.3576807724100304
t3_1dkhn2,0.38123776345753735
t3_onxcv,0.2680826910658758
t3_1g5q8a,0.3763080836780377
t3_16lcq8,0.22335067624534816
t3_17gi30,0.489011079678467
t3_ibs5y,0.3345575609145291
t3_1cs2px,0.5560947565784017
t3_v4w93,0.27872099963500485
t3_1n1axt,0.3572250287300839
t3_ihko3,0.2668772933897968
t3_1896rw,0.2367948357984162
t3_125i9k,0.49286072714224394
t3_ww56x,0.3217058217279345
t3_uj7th,0.282797938981182
t3_xsnoi,0.3066970600052286
t3_jyi06,0.29493665339186226
t3_yxnzv,0.20239054569957188
t3_l4640,0.38441496976690526
t3_1dnss4,0.3040216411684704
t3_1359u2,0.31452051010593823
t3_s4r05,0.2710948733770211
t3_j16ec,0.34356847379667665
t3_zpi3v,0.19538295598284625
t3_pyewj,0.23808326804921817
t3_ychfj,0.2900940347512585
t3_l4pgj,0.28792630685550025
t3_1llkaa,0.3698247046848563
t3_wj3qa,0.2983041691520838
t3_zy61w,0.26914022890089473
t3_1dize8,0.26785747423620443
t3_1f7t8i,0.18849427196670498
t3_1lerlv,0.22879994231543693
t3_1meieg,0.19010903721199712
t3_156xcj,0.3099050119284824
t3_j8iuv,0.5400992470148563
t3_irgvc,0.22711946981142497
t3_qyedt,0.21093002323555843
t3_u95c6,0.3209352116009576
t3_1e97au,0.3724530865770803
t3_wp8uc,0.22455803518554407
t3_sst1u,0.20896920530691537
t3_1c63lb,0.3524784105736545
t3_o85l6,0.2523065067808915
t3_idivc,0.3743197974699831
t3_k45dt,0.42703574329461613
t3_19ywdh,0.3121704997266953
t3_kf0cy,0.546705632716524
t3_137zgp,0.3293989980469448
t3_1gx8mx,0.44613318164122107
t3_tvndu,0.3462113951165835
t3_zsgtc,0.4479904894923722
t3_l4n9w,0.28403491839621
t3_mjeye,0.2378477704358621
t3_mz1mg,0.21930000263767782
t3_jgbs9,0.5700232406858292
t3_1gnaod,0.3403418113637331
t3_hrz9i,0.5109682827409043
t3_1me64e,0.3160380159858803
t3_idq7h,0.22552506976288234
t3_ys5ol,0.3738751365791312
t3_1lezr3,0.6570147405214979
t3_lnwd6,0.41829370576876734
t3_zwbh8,0.2593995586648027
t3_1ctkfz,0.3899629841012008
t3_1kn4ge,0.3402453937873746
t3_1l10qa,0.4962925967567895
t3_177ayp,0.3833852211561223
t3_jijg7,0.29910160754101045
t3_16vnjz,0.6883456615478165
t3_1nbk1o,0.1884284426114892
t3_vem93,0.4794447605145663
t3_o6e99,0.41286828718650637
t3_jahvc,0.28681308619047435
t3_k62zb,0.5712644279938772
t3_1n351g,0.2397468647690058
t3_11tjwv,0.32386612695255224
t3_14ux4w,0.3329784834155973
t3_ijhc3,0.3442136409600237
t3_1j6f3u,0.2804962665698417
t3_w21z2,0.4770280004954668
t3_j82a6,0.3516857847816993
t3_pm783,0.5119320307883107
t3_v3r93,0.28222171485376346
t3_1jimga,0.3189140353137706
t3_idti4,0.3293270638080572
t3_mjkln,0.45253234160557476
t3_y2ne5,0.2889690564207634
t3_xry1e,0.4925168067779564
t3_qceuc,0.36790203397199084
t3_16noen,0.23691513827093524
t3_1ee39k,0.43724088215874424
t3_1eq5xl,0.25116125576836434
t3_mrkl3,0.4395748676196033
t3_ojet5,0.2175399031795781
t3_v0ki0,0.25448537558377743
t3_jq47k,0.24646247843153807
t3_1fqoyo,0.3296152493498461
t3_vbb3v,0.23158301374417642
t3_1k62l3,0.21214968643975735
t3_12p4pv,0.32659132088869114
t3_i37e6,0.28179510747963754
t3_if7vp,0.42769742719271386
t3_kvy1i,0.38303893070301276
t3_xd0ls,0.24579145927864604
t3_rirnq,0.3032249403574115
t3_mco6n,0.3830230071119143
t3_13tugz,0.2299889775940555
t3_k0ilx,0.3760825034434664
t3_ibat9,0.468635146787589
t3_m42qj,0.3975621276730531
t3_1cucx0,0.3428363347433896
t3_zjfck,0.2532285486568385
t3_1iv5aj,0.32254895721303956
t3_u7z81,0.4898118507416517
t3_ke8v1,0.3504532083081118
t3_t6s95,0.4025763377157775
t3_w3y90,0.2529788257532982
t3_vvs2c,0.261600078218459
t3_hupa5,0.39329454450967993
t3_zf126,0.21176982807844982
t3_v18x3,0.38826696411131334
t3_my9b0,0.41096755161555854
t3_10kngj,0.4028957512021165
t3_is415,0.25811193192167503
t3_io8w1,0.5668186898500746
t3_jatqy,0.5629977530806135
t3_yz9sf,0.2780697982814836
t3_k4z3q,0.31714966937378886
t3_1bird0,0.4778347865182304
t3_1cjq75,0.28542358652341987
t3_1cle36,0.2202745045915977
t3_1cgw6n,0.2949644022114729
t3_yvb02,0.24798331939711635
t3_jzmij,0.31164930688971104
t3_iii4u,0.48883630620411256
t3_jmyq9,0.4781360963081144
t3_kr3gt,0.5282059506493024
t3_w8rkv,0.20202103154088216
t3_12x5q1,0.19419608417557027
t3_jshkp,0.2823027761298814
t3_1o9hi0,0.7382304260951489
t3_u64m1,0.30034188462496575
t3_1cylzs,0.22342877889655643
t3_icou8,0.2611802093490843
t3_jvh8u,0.41211473674702315
t3_rzjzd,0.27541777280933377
t3_mxzhx,0.4537175345497503
t3_vwclz,0.3627845803836742
t3_wxsh1,0.1999552715883492
t3_k3ki7,0.308298474661602
t3_j6283,0.25155349256763626
t3_mxya9,0.27816947352594057
t3_1aduwk,0.4213708843570594
t3_ot2tt,0.292057347488608
t3_1lvsn9,0.19170627423208073
t3_1cysab,0.4553099688346095
t3_nhqn0,0.6225035614355771
t3_1109ba,0.2119190968549616
t3_11sa5p,0.277764272869752
t3_16wls1,0.22960448313171672
t3_1i8cqz,0.2409555043797046
t3_wwkkm,0.18729311020261757
t3_110gio,0.2544868060400455
t3_inmlb,0.37700052382719473
t3_k3ocx,0.6321269703560317
t3_1hz09s,0.2684671223562273
t3_1mzio9,0.30009610141355547
t3_lb1w0,0.5791769286409171
t3_1crwei,0.22683328619468224
t3_q5961,0.21566767856228333
t3_lxx3z,0.2709248110612118
t3_16appe,0.246856548072522
t3_1adg49,0.19011531938239512
t3_iyk1y,0.6404512098548417
t3_1iw0gf,0.2649940578686326
t3_x1o1v,0.24685319621725377
t3_1m23pg,0.3863378845937482
t3_yintm,0.272163225823032
t3_ts9p3,0.7670969500826049
t3_z9ck0,0.3923766122003961
t3_th40x,0.35345569434297897
t3_icon7,0.2875760249484107
t3_t0mtn,0.2646787817561248
t3_juayz,0.6439463311403919
t3_mzfsp,0.2964540692276916
t3_14exjy,0.30283940476565074
t3_1c7725,0.3296253485720083
t3_1ifyzz,0.5927779125875476
t3_i96f9,0.28653379698338133
t3_kbmyh,0.5237606332996618
t3_170pqr,0.23266887249330953
t3_sqwpp,0.4381880748412573
t3_1553el,0.23763185727407854
t3_ikbu8,0.275668215155194
t3_y6aab,0.25035699003408063
t3_1fxma9,0.20951547862687184
t3_18gj1h,0.22254293979356748
t3_o0jew,0.26751662839359264
t3_1jpkbf,0.23356772787568436
t3_idu38,0.29067721060179613
t3_lhjci,0.44882005297434013
t3_1d3hd7,0.4044142324836443
t3_150b65,0.25571482683773517
t3_rjp1j,0.2541590095748569
t3_k30r3,0.2598380274834853
t3_1hav4d,0.23453989689719468
t3_1a5ixr,0.4192767280051024
t3_pxd37,0.2754975822261441
t3_1djtso,0.3309678584603696
t3_14ezoh,0.2703089845435211
t3_12obj5,0.29985667650120174
t3_nqwjm,0.7015651167386312
t3_oifsx,0.3060861803369062
t3_1f45sh,0.1854387910845887
t3_1fr5bm,0.2122411470929944
t3_r7odh,0.4079826495994018
t3_1kmou4,0.21403623604408362
t3_17pzg4,0.4754592232884044
t3_i0miz,0.5670573199784885
t3_il0s0,0.47801055464224984
t3_1l5uzx,0.24372476009782118
t3_1evpom,0.22081253776246684
t3_idy6k,0.3196343993244826
t3_sshis,0.3832519842265095
t3_1blxrm,0.27753937294034303
t3_1esd91,0.3208119931059142
t3_vai9m,0.26330712209078955
t3_ne3jr,0.2712845290864385
t3_1nm9os,0.21491312407441643
t3_ledhr,0.5868919126411101
t3_pw02q,0.28076033891894897
t3_irgbj,0.4738181395446598
t3_xd9hv,0.36999922430072174
t3_icu7p,0.2562637921920714
t3_1d8yob,0.2462151069502609
t3_l4xry,0.49872045474111004
t3_112jsu,0.3640391579048544
t3_kly75,0.39390690628948344
t3_ifrfv,0.4017035961409302
t3_x8mp3,0.22202216711911832
t3_x2qzw,0.23887841805772173
t3_13u1al,0.3171950874183722
t3_xnwf2,0.49659299944812885
t3_xf1p9,0.27129731405245283
t3_jjz0j,0.4433029510526453
t3_k08dr,0.661339510595245
t3_1af9hg,0.26846865816905163
t3_tl8gg,0.32302898370599753
t3_qdtn7,0.21723682117608198
t3_ubnwm,0.46408511560399
t3_s14x9,0.32133626597107035
t3_157g5c,0.23829205542013812
t3_y9nfg,0.3574091959510286
t3_tfqnk,0.27558569976918657
t3_1lxsiq,0.24775082102313412
t3_r1boq,0.21467917169883396
t3_14ihpw,0.31453998513903486
t3_12124d,0.22273111529265033
t3_10o1th,0.3243722397045229
t3_1blyk4,0.22774995548950583
t3_jxj0w,0.418198095397163
t3_12vddw,0.24590300421291128
t3_1kow8l,0.293934681255031
t3_llfug,0.40459158707311005
t3_1fqagd,0.3258096065763474
t3_pfs19,0.28445857475071684
t3_185q0b,0.49127939959341826
t3_th6m0,0.33879289584151606
t3_1ma6le,0.2942388855841296
t3_k0q1w,0.3992120003660943
t3_15xp2y,0.2644971381033612
t3_vpe62,0.28474330449337226
t3_12gbgy,0.6487638190773902
t3_jtsb9,0.2811060359332529
t3_wly8k,0.2641525156745975
t3_j2k0d,0.5886261931262367
t3_1j4tf5,0.32427096279092743
t3_yfjn0,0.2706338971483946
t3_1cot73,0.6476118452871484
t3_n81pv,0.2987389831306799
t3_ijnhm,0.2788524936783662
t3_1493gl,0.3583276519937728
t3_1i4pcy,0.37552687592623124
t3_n5o88,0.2343298652884854
t3_mrgd3,0.5802809198180349
t3_1fqv6l,0.21071536602931207
t3_mscj8,0.3692301315794927
t3_tiyor,0.4146646831404076
t3_l4rl8,0.29676367733773323
t3_1e2v32,0.28751569792790416
t3_r7sgr,0.4138700888240878
t3_t0krh,0.3672427792107792
t3_iregv,0.2674510091699808
t3_ndcvq,0.44496467073979706
t3_w3ldb,0.23749660931585626
t3_q3io5,0.6072128027467574
t3_smcni,0.4787265343504544
t3_zzsho,0.1958752266491179
t3_pr3p3,0.2823445287062102
t3_1hluyc,0.2192118532446895
t3_k025c,0.45086702662899825
t3_1go8c1,0.3085051917735825
t3_ihhbr,0.4802521296476403
t3_1ckfzz,0.35892585425740864
t3_1l7ksf,0.25750337464136
t3_vawcb,0.3272376924035923
t3_mody8,0.43575767778820707
t3_1foy3z,0.5170235471225751
t3_qzu4g,0.50560637823561
t3_lmb89,0.5232020885319666
t3_1m53fu,0.1916158394087143
t3_10cy64,0.24374390643369442
t3_m7m7l,0.34836870632408706
t3_1lfrlc,0.246939851042268
t3_iihye,0.26514904580123655
t3_xn5hp,0.396268948950263
t3_ro9ud,0.26061523228397676
t3_kx1pn,0.4828607728511535
t3_1cn0h3,0.32357463144197424
t3_zq12j,0.2767370863759014
t3_1br2hm,0.2683502527192725
t3_knttk,0.49451996624145356
t3_11wza2,0.29714572169830267
t3_iwbsf,0.28537187467325476
t3_nys7g,0.3685793070720118
t3_17pmtu,0.22391743344984102
